<?xml version="1.0" encoding="UTF-8"?>
<!DOCTYPE mapper PUBLIC "-//mybatis.org//DTD Mapper 3.0//EN" "http://mybatis.org/dtd/mybatis-3-mapper.dtd">
<mapper namespace="com.dao.WuziShenqingDao">

    <!-- 通用查询结果列 -->
    <sql id="Base_Column_List">
        a.id as id
        ,a.xuesheng_id as xueshengId
        ,a.wuzi_id as wuziId
        ,a.wuzi_shenqing_uuid_number as wuziShenqingUuidNumber
        ,a.wuzi_shenqing_types as wuziShenqingTypes
        ,a.wuzi_shenqing_content as wuziShenqingContent
        ,a.insert_time as insertTime
        ,a.sheqing_number as sheqingNumber
        ,a.yujiguihuan_time as yujiguihuanTime
        ,a.wuzi_shenqing_zhuangtai_types as wuziShenqingZhuangtaiTypes
        ,a.wuzi_shenqing_yesno_types as wuziShenqingYesnoTypes
        ,a.wuzi_shenqing_yesno_text as wuziShenqingYesnoText
        ,a.wuzi_shenqing_shenhe_time as wuziShenqingShenheTime
        ,a.create_time as createTime
    </sql>
    <select id="selectListView" parameterType="map" resultType="com.entity.view.WuziShenqingView" >
        SELECT
        <include refid="Base_Column_List" />
        <!-- 级联表的字段 -->
        ,wuzi.wuzi_uuid_number as wuziUuidNumber
        ,wuzi.wuzi_name as wuziName
        ,wuzi.wuzi_photo as wuziPhoto
        ,wuzi.wuzi_danwei as wuziDanwei
        ,wuzi.wuzi_types as wuziTypes
        ,wuzi.wuzi_kucun_number as wuziKucunNumber
        ,wuzi.wuzi_yuzhi as wuziYuzhi
        ,wuzi.cangku_types as cangkuTypes
        ,wuzi.wuzi_content as wuziContent
        ,xuesheng.xuesheng_uuid_number as xueshengUuidNumber
        ,xuesheng.xuesheng_name as xueshengName
        ,xuesheng.xuesheng_phone as xueshengPhone
        ,xuesheng.xuesheng_id_number as xueshengIdNumber
        ,xuesheng.xuesheng_photo as xueshengPhoto
        ,xuesheng.xuesheng_email as xueshengEmail
        ,xuesheng.xuesheng_address as xueshengAddress

        FROM wuzi_shenqing  a
        left JOIN wuzi wuzi ON a.wuzi_id = wuzi.id
        left JOIN xuesheng xuesheng ON a.xuesheng_id = xuesheng.id

        <where>
            <if test="params.ids != null">
                and a.id in
                <foreach item="item" index="index" collection="params.ids" open="(" separator="," close=")">
                #{item}
                </foreach>
            </if>
            <if test="params.xueshengId != null and params.xueshengId != ''">
                and (
                    a.xuesheng_id = #{params.xueshengId}
                )
            </if>
            <if test="params.wuziId != null and params.wuziId != ''">
                and (
                    a.wuzi_id = #{params.wuziId}
                )
            </if>
            <if test=" params.wuziShenqingUuidNumber != '' and params.wuziShenqingUuidNumber != null and params.wuziShenqingUuidNumber != 'null' ">
                and a.wuzi_shenqing_uuid_number like CONCAT('%',#{params.wuziShenqingUuidNumber},'%')
            </if>
            <if test="params.wuziShenqingTypes != null and params.wuziShenqingTypes != ''">
                and a.wuzi_shenqing_types = #{params.wuziShenqingTypes}
            </if>
            <if test=" params.wuziShenqingContent != '' and params.wuziShenqingContent != null and params.wuziShenqingContent != 'null' ">
                and a.wuzi_shenqing_content like CONCAT('%',#{params.wuziShenqingContent},'%')
            </if>
            <if test=" params.insertTimeStart != '' and params.insertTimeStart != null ">
                <![CDATA[  and UNIX_TIMESTAMP(a.insert_time) >= UNIX_TIMESTAMP(#{params.insertTimeStart}) ]]>
            </if>
            <if test=" params.insertTimeEnd != '' and params.insertTimeEnd != null ">
                <![CDATA[  and UNIX_TIMESTAMP(a.insert_time) <= UNIX_TIMESTAMP(#{params.insertTimeEnd}) ]]>
            </if>
            <if test="params.sheqingNumberStart != null and params.sheqingNumberStart != ''">
                <![CDATA[  and a.sheqing_number >= #{params.sheqingNumberStart}   ]]>
            </if>
            <if test="params.sheqingNumberEnd != null and params.sheqingNumberEnd != ''">
                <![CDATA[  and a.sheqing_number <= #{params.sheqingNumberEnd}   ]]>
            </if>
             <if test="params.sheqingNumber != null and params.sheqingNumber != ''">
                and a.sheqing_number = #{params.sheqingNumber}
             </if>
            <if test=" params.yujiguihuanTimeStart != '' and params.yujiguihuanTimeStart != null ">
                <![CDATA[  and UNIX_TIMESTAMP(a.yujiguihuan_time) >= UNIX_TIMESTAMP(#{params.yujiguihuanTimeStart}) ]]>
            </if>
            <if test=" params.yujiguihuanTimeEnd != '' and params.yujiguihuanTimeEnd != null ">
                <![CDATA[  and UNIX_TIMESTAMP(a.yujiguihuan_time) <= UNIX_TIMESTAMP(#{params.yujiguihuanTimeEnd}) ]]>
            </if>
            <if test="params.wuziShenqingZhuangtaiTypes != null and params.wuziShenqingZhuangtaiTypes != ''">
                and a.wuzi_shenqing_zhuangtai_types = #{params.wuziShenqingZhuangtaiTypes}
            </if>
            <if test="params.wuziShenqingYesnoTypes != null and params.wuziShenqingYesnoTypes != ''">
                and a.wuzi_shenqing_yesno_types = #{params.wuziShenqingYesnoTypes}
            </if>
            <if test=" params.wuziShenqingYesnoText != '' and params.wuziShenqingYesnoText != null and params.wuziShenqingYesnoText != 'null' ">
                and a.wuzi_shenqing_yesno_text like CONCAT('%',#{params.wuziShenqingYesnoText},'%')
            </if>
            <if test=" params.wuziShenqingShenheTimeStart != '' and params.wuziShenqingShenheTimeStart != null ">
                <![CDATA[  and UNIX_TIMESTAMP(a.wuzi_shenqing_shenhe_time) >= UNIX_TIMESTAMP(#{params.wuziShenqingShenheTimeStart}) ]]>
            </if>
            <if test=" params.wuziShenqingShenheTimeEnd != '' and params.wuziShenqingShenheTimeEnd != null ">
                <![CDATA[  and UNIX_TIMESTAMP(a.wuzi_shenqing_shenhe_time) <= UNIX_TIMESTAMP(#{params.wuziShenqingShenheTimeEnd}) ]]>
            </if>

                <!-- 判断物资的id不为空 -->
            <if test=" params.wuziIdNotNull != '' and params.wuziIdNotNull != null and params.wuziIdNotNull != 'null' ">
                and a.wuzi_id IS NOT NULL
            </if>
            <if test=" params.wuziUuidNumber != '' and params.wuziUuidNumber != null and params.wuziUuidNumber != 'null' ">
                and wuzi.wuzi_uuid_number like CONCAT('%',#{params.wuziUuidNumber},'%')
            </if>
            <if test=" params.wuziName != '' and params.wuziName != null and params.wuziName != 'null' ">
                and wuzi.wuzi_name like CONCAT('%',#{params.wuziName},'%')
            </if>
            <if test=" params.wuziDanwei != '' and params.wuziDanwei != null and params.wuziDanwei != 'null' ">
                and wuzi.wuzi_danwei like CONCAT('%',#{params.wuziDanwei},'%')
            </if>
            <if test="params.wuziTypes != null  and params.wuziTypes != ''">
                and wuzi.wuzi_types = #{params.wuziTypes}
            </if>

            <if test="params.wuziKucunNumberStart != null  and params.wuziKucunNumberStart != '' ">
                <![CDATA[  and wuzi.wuzi_kucun_number >= #{params.wuziKucunNumberStart}   ]]>
            </if>
            <if test="params.wuziKucunNumberEnd != null  and params.wuziKucunNumberEnd != '' ">
                <![CDATA[  and wuzi.wuzi_kucun_number <= #{params.wuziKucunNumberEnd}   ]]>
            </if>
            <if test="params.wuziKucunNumber != null  and params.wuziKucunNumber != '' ">
                and wuzi.wuzi_kucun_number = #{params.wuziKucunNumber}
            </if>
            <if test="params.wuziYuzhiStart != null  and params.wuziYuzhiStart != '' ">
                <![CDATA[  and wuzi.wuzi_yuzhi >= #{params.wuziYuzhiStart}   ]]>
            </if>
            <if test="params.wuziYuzhiEnd != null  and params.wuziYuzhiEnd != '' ">
                <![CDATA[  and wuzi.wuzi_yuzhi <= #{params.wuziYuzhiEnd}   ]]>
            </if>
            <if test="params.wuziYuzhi != null  and params.wuziYuzhi != '' ">
                and wuzi.wuzi_yuzhi = #{params.wuziYuzhi}
            </if>
            <if test="params.cangkuTypes != null  and params.cangkuTypes != ''">
                and wuzi.cangku_types = #{params.cangkuTypes}
            </if>

            <if test=" params.wuziContent != '' and params.wuziContent != null and params.wuziContent != 'null' ">
                and wuzi.wuzi_content like CONCAT('%',#{params.wuziContent},'%')
            </if>
            <if test=" params.insertTimeStart != '' and params.insertTimeStart != null ">
                <![CDATA[  and UNIX_TIMESTAMP(wuzi.insert_time) >= UNIX_TIMESTAMP(#{params.insertTimeStart}) ]]>
            </if>
            <if test=" params.insertTimeEnd != '' and params.insertTimeEnd != null ">
                <![CDATA[  and UNIX_TIMESTAMP(wuzi.insert_time) <= UNIX_TIMESTAMP(#{params.insertTimeEnd}) ]]>
            </if>
                <!-- 判断用户的id不为空 -->
            <if test=" params.xueshengIdNotNull != '' and params.xueshengIdNotNull != null and params.xueshengIdNotNull != 'null' ">
                and a.xuesheng_id IS NOT NULL
            </if>
            <if test=" params.xueshengUuidNumber != '' and params.xueshengUuidNumber != null and params.xueshengUuidNumber != 'null' ">
                and xuesheng.xuesheng_uuid_number like CONCAT('%',#{params.xueshengUuidNumber},'%')
            </if>
            <if test=" params.xueshengName != '' and params.xueshengName != null and params.xueshengName != 'null' ">
                and xuesheng.xuesheng_name like CONCAT('%',#{params.xueshengName},'%')
            </if>
            <if test=" params.xueshengPhone != '' and params.xueshengPhone != null and params.xueshengPhone != 'null' ">
                and xuesheng.xuesheng_phone like CONCAT('%',#{params.xueshengPhone},'%')
            </if>
            <if test=" params.xueshengIdNumber != '' and params.xueshengIdNumber != null and params.xueshengIdNumber != 'null' ">
                and xuesheng.xuesheng_id_number like CONCAT('%',#{params.xueshengIdNumber},'%')
            </if>
            <if test=" params.xueshengEmail != '' and params.xueshengEmail != null and params.xueshengEmail != 'null' ">
                and xuesheng.xuesheng_email like CONCAT('%',#{params.xueshengEmail},'%')
            </if>
            <if test=" params.xueshengAddress != '' and params.xueshengAddress != null and params.xueshengAddress != 'null' ">
                and xuesheng.xuesheng_address like CONCAT('%',#{params.xueshengAddress},'%')
            </if>
        </where>
        order by a.${params.sort} ${params.order}
    </select>

</mapper>